﻿<?xml version="1.0" encoding="utf-8" ?>
<Orders>
  <Order Cust="12345">
    <item Part="MorningTest" Qty="1" Site="ABCD" PO="ABC123" Line="1" Operation="DEL">
      <due>
        <wky WW="1" YY="2021"/>
      </due>
    </item>
    <item Part="ABC321" Qty="2" Site="ABCD" PO="abcde" Line="2" >
      <due>
        <dmy DD="31" MM="12"  YY="2020" />
      </due>
    </item>
    <item Part="BCD001234" PO="PO00036463" Qty="1" Site="NBFJ" Line="3" >
      <due>
        <wky WW="3" YY="2021"/>
      </due>
    </item>
  </Order>
  <Order Cust="456789">
    <item Part="ABC321" Qty="4" Site="ABCD" PO="ABC123" Line="4" >
      <due>
        <wky WW ="1" YY="2020"/>
      </due>
    </item>
  </Order>
</Orders>
